{
  "v8-system-codex": {
    "x": 100,
    "y": 100
  },
  "v8-system-reference": {
    "x": 1580,
    "y": 100
  },
  "v8-system-docs-manual": {
    "x": 3060,
    "y": 100
  },
  "v8-system-docs-terminal": {
    "x": 4540,
    "y": 100
  },
  "v8-system-docs-guide": {
    "x": 3283.6617678315392,
    "y": 1557.0727356500345
  }
}