{
  "context-1772358657427.png": {
    "x": 50,
    "y": 50,
    "width": 300,
    "height": 300
  },
  "context-1772358705308.png": {
    "x": 370,
    "y": 50,
    "width": 300,
    "height": 300
  },
  "context-1772378016645.png": {
    "x": 690,
    "y": 50,
    "width": 300,
    "height": 300
  },
  "context-1772378265200.png": {
    "x": 1010,
    "y": 50,
    "width": 300,
    "height": 300
  },
  "context-1772378274945.png": {
    "x": 1341.686351881076,
    "y": 56.854024927569185,
    "width": 300,
    "height": 300
  }
}